{"validation_loss": 3.857713460922241, "bleu": 9.102075023702715}