{"validation_loss": 4.288579940795898, "bleu": 8.098851142748925}