{"validation_loss": 4.007885932922363, "bleu": 8.601614396570533}