{"validation_loss": 4.686978816986084, "bleu": 7.2412774991713995}