{"validation_loss": 3.1039998531341553, "bleu": 15.268671276167932}