{"validation_loss": 3.711742877960205, "bleu": 10.677711136479424}