{"validation_loss": 4.514486789703369, "bleu": 6.781862042707815}