{"validation_loss": 2.6391172409057617, "bleu": 18.465555862992}