{"validation_loss": 4.0149760246276855, "bleu": 10.250147194080787}