{"validation_loss": 3.4652247428894043, "bleu": 12.303200675794557}