{"validation_loss": 2.857781171798706, "bleu": 17.351150991567863}