{"validation_loss": 2.7589285373687744, "bleu": 18.423806846644098}