{"validation_loss": 3.26668119430542, "bleu": 13.540436020765267}