{"validation_loss": 2.6952967643737793, "bleu": 18.48207636232433}