{"validation_loss": 2.969162702560425, "bleu": 16.880421274852303}